{
  "start_time": 1751866850.485019,
  "end_time": 1751866869.3781533,
  "total_samples": 3599,
  "sample_rate": 190.49247902816668,
  "version": "1.0",
  "filename": "vng_recording_20250707_014050.csv"
}