{
  "start_time": 1751990797.8151362,
  "end_time": 1751990837.546134,
  "total_samples": 7072,
  "sample_rate": 177.99703987934558,
  "version": "1.0",
  "filename": "vng_recording_20250708_120637.csv"
}