{
  "start_time": 1752093817.0222242,
  "end_time": 1752093846.1371908,
  "total_samples": 1329,
  "sample_rate": 45.64662624713061,
  "version": "1.0",
  "filename": "vng_recording_20250709_164337.csv"
}