{
  "start_time": 1751867262.254194,
  "end_time": 1751867316.3072572,
  "total_samples": 10850,
  "sample_rate": 200.7286796872826,
  "version": "1.0",
  "filename": "vng_recording_20250707_014742.csv"
}