{
  "start_time": 1751862346.8643,
  "end_time": 1751862410.1981592,
  "total_samples": 11959,
  "sample_rate": 188.8247479321366,
  "version": "1.0",
  "filename": "vng_recording_20250707_002546.csv"
}