{
  "start_time": 1751864226.3822126,
  "end_time": 1751864242.3642657,
  "total_samples": 2874,
  "sample_rate": 179.8267089055906,
  "version": "1.0",
  "filename": "vng_recording_20250707_005706.csv"
}