{
  "start_time": 1751937257.4392607,
  "end_time": 1751937292.489978,
  "total_samples": 6430,
  "sample_rate": 183.4484565634455,
  "version": "1.0",
  "filename": "vng_recording_20250707_211417.csv"
}