{
  "start_time": 1751864810.385098,
  "end_time": 1751864852.164847,
  "total_samples": 8506,
  "sample_rate": 203.5914580763575,
  "version": "1.0",
  "filename": "vng_recording_20250707_010650.csv"
}