{
  "start_time": 1752094630.360132,
  "end_time": 1752094648.5360756,
  "total_samples": 762,
  "sample_rate": 41.92354555131864,
  "version": "1.0",
  "filename": "vng_recording_20250709_165710.csv"
}