{
  "start_time": 1751866595.733572,
  "end_time": 1751866622.5528276,
  "total_samples": 5741,
  "sample_rate": 214.06261559499384,
  "version": "1.0",
  "filename": "vng_recording_20250707_013635.csv"
}