{
  "start_time": 1751865001.4241517,
  "end_time": 1751865013.7679396,
  "total_samples": 2555,
  "sample_rate": 206.98670610092222,
  "version": "1.0",
  "filename": "vng_recording_20250707_011001.csv"
}