{
  "start_time": 1751991387.7073882,
  "end_time": 1751991403.5456493,
  "total_samples": 2105,
  "sample_rate": 132.90600420451563,
  "version": "1.0",
  "filename": "vng_recording_20250708_121627.csv"
}