{
  "start_time": 1751990766.7947226,
  "end_time": 1751990769.2890813,
  "total_samples": 411,
  "sample_rate": 164.77180573420304,
  "version": "1.0",
  "filename": "vng_recording_20250708_120606.csv"
}