{
  "start_time": 1751936426.4773154,
  "end_time": 1751936487.2769797,
  "total_samples": 11833,
  "sample_rate": 194.62278524435735,
  "version": "1.0",
  "filename": "vng_recording_20250707_210026.csv"
}