{
  "start_time": 1751868072.38168,
  "end_time": 1751868098.8226726,
  "total_samples": 5134,
  "sample_rate": 194.16820233937014,
  "version": "1.0",
  "filename": "vng_recording_20250707_020112.csv"
}