{
  "start_time": 1751867088.8812373,
  "end_time": 1751867148.507888,
  "total_samples": 11628,
  "sample_rate": 195.01346867536506,
  "version": "1.0",
  "filename": "vng_recording_20250707_014448.csv"
}