{
  "start_time": 1751864434.2287633,
  "end_time": 1751864452.5178745,
  "total_samples": 3757,
  "sample_rate": 205.42277707084486,
  "version": "1.0",
  "filename": "vng_recording_20250707_010034.csv"
}