{
  "start_time": 1751862816.8486717,
  "end_time": 1751862847.5931032,
  "total_samples": 6008,
  "sample_rate": 195.4175018928823,
  "version": "1.0",
  "filename": "vng_recording_20250707_003336.csv"
}