{
  "start_time": 1751991433.445174,
  "end_time": 1751991493.998636,
  "total_samples": 9184,
  "sample_rate": 151.66762877532838,
  "version": "1.0",
  "filename": "vng_recording_20250708_121713.csv"
}