{
  "start_time": 1751864296.934252,
  "end_time": 1751864308.368668,
  "total_samples": 2069,
  "sample_rate": 180.94496386392686,
  "version": "1.0",
  "filename": "vng_recording_20250707_005816.csv"
}